baseline_minus_reference_mse,baseline_model,ci_hi,ci_lo,paired_rows,reference_better,reference_model
0.0009139468202088441,cebt_no_controls,0.001677639860857204,0.0002267605286692587,1220,True,cebt
-0.00036996345691164834,concat,0.005784237021764873,-0.005552716844777891,1220,False,cebt
0.006718128226732602,no_event,0.016221340737686076,-0.0007604718295812672,1220,False,cebt
0.0013319383869554516,text_only,0.0073521658152494625,-0.003667139193028605,1220,False,cebt
