event_to_control_delta_ratio,mean_abs_event_delta_controls,mean_abs_event_delta_true_events,mean_abs_return_delta_controls,mean_abs_return_delta_true_events,mean_abs_volatility_delta_controls,mean_abs_volatility_delta_true_events,mean_abs_volume_delta_controls,mean_abs_volume_delta_true_events,model,response_transport_auc,volatility_transport_auc,volume_transport_auc
,0.0,0.0,,,,,,,no_event,,,
4.214782806374193,0.009996145963668823,0.042131584137678146,,,,,,,concat,,,
4.168862040829761,0.007696560584008694,0.03208589926362038,,,,,,,cebt,,,
4.531541526540346,0.006791556719690561,0.030776221305131912,,,,,,,dot,,,
2.1991206534089978,0.009101122617721558,0.02001446671783924,,,,,,,ejssm_bge,,,
3.1219566729219457,0.007530894596129656,0.0235111266374588,0.005022973753511906,0.005255408585071564,0.011551479808986187,0.015978015959262848,0.006018230225890875,0.04929995909333229,djb,0.9268591446858669,0.9947927185177265,0.8801038288368557
1.2161624707828165,0.06844063848257065,0.08323493599891663,0.0,0.0,0.1932438760995865,0.19765114784240723,0.012078037485480309,0.05205366387963295,rc_djb,0.8393108172857986,0.9812914058076038,0.7859582915892834
