baseline_minus_reference_mse,baseline_model,ci_hi,ci_lo,paired_rows,reference_better,reference_model
0.014243984864493513,no_event,0.01764674063697284,0.011452364064740267,2463,True,djb
0.011398045537158084,concat,0.01352753720357252,0.009194880722523367,2463,True,djb
0.014426895650560163,cebt,0.017272851956551465,0.011820031902683166,2463,True,djb
0.014587621091001514,dot,0.017352567108097957,0.012002221647820497,2463,True,djb
0.0013593776881773087,ejssm_bge,0.001883304982395686,0.0008536525033066008,2463,True,djb
0.0009711906240850027,rc_djb,0.001464075848339299,0.0005200715958301976,2463,True,djb
