event_to_control_delta_ratio,mean_abs_event_delta_controls,mean_abs_event_delta_true_events,model
4.320618855469895,0.019930804148316383,0.08611340820789337,cebt
1.3178411737060711,0.10951516032218933,0.14432358741760254,cebt_no_controls
4.736836818477246,0.015019996091723442,0.07114727050065994,concat
,0.0,0.0,no_event
24.44868251328688,0.0035627600736916065,0.08710478991270065,text_only
