event_to_control_delta_ratio,mean_abs_event_delta_controls,mean_abs_event_delta_true_events,model
,0.0,0.0,no_event
4.214782806374193,0.009996145963668823,0.042131584137678146,concat
4.168862040829761,0.007696560584008694,0.03208589926362038,cebt
4.531541526540346,0.006791556719690561,0.030776221305131912,dot
2.1991206534089978,0.009101122617721558,0.02001446671783924,ejssm_bge
3.1219566729219457,0.007530894596129656,0.0235111266374588,djb
1.2161624707828165,0.06844063848257065,0.08323493599891663,rc_djb
