reference_model,baseline_model,paired_rows,reference_minus_baseline_rank_ic,ci_lo,ci_hi,reference_better
rc_djb,no_event,2463,0.09563489918231566,0.041223118883820374,0.1503751065863398,True
rc_djb,concat,2463,0.07280436669680583,0.0196614661220612,0.12489025919027344,True
rc_djb,cebt,2463,0.008264114468741486,-0.050035526055971356,0.06682178038513732,False
rc_djb,dot,2463,0.06770716832034983,0.01864294519205809,0.1180143104238316,True
rc_djb,ejssm_bge,2463,0.04467032111756898,-0.007236112660803036,0.0951662129732517,False
rc_djb,djb,2463,0.04173940277686774,-0.007048020976629864,0.08915389471640157,False
