model,mean_abs_event_delta_true_events,mean_abs_event_delta_controls,event_to_control_delta_ratio
no_event,0.0,0.0,
text_only,0.10916628688573837,0.00339667871594429,32.139126486500714
concat,0.05926470085978508,0.005651847459375858,10.485898865064161
cebt,0.03126821294426918,0.010272489860653877,3.0438786865133842
dot,0.06633210182189941,0.01020597480237484,6.499340151855414
ejssm_hash,0.05783873423933983,0.02766740880906582,2.0905005827791046
ejssm_bge,0.04032706841826439,0.012473352253437042,3.233057769786966
