baseline_minus_reference_mse,baseline_model,ci_hi,ci_lo,paired_rows,reference_better,reference_model
0.0005629273378362082,cebt_no_controls,0.000972939345079209,0.0001905490433132484,2463,True,cebt
-0.006301737535783072,concat,-0.004163190993754829,-0.008629639644962045,2463,False,cebt
0.0035913577524928214,no_event,0.005490720561676034,0.0018406602718438905,2463,True,cebt
-0.0017063261527519163,text_only,0.001431059083409797,-0.005236565512698646,2463,False,cebt
