event_to_control_delta_ratio,mean_abs_event_delta_controls,mean_abs_event_delta_true_events,model
3.0438786865133842,0.010272489860653877,0.03126821294426918,cebt
1.3273940537853988,0.02981283701956272,0.03957338258624077,cebt_no_controls
10.485898865064161,0.005651847459375858,0.05926470085978508,concat
,0.0,0.0,no_event
32.139126486500714,0.00339667871594429,0.10916628688573837,text_only
