reference_model,baseline_model,paired_rows,baseline_minus_reference_mse,ci_lo,ci_hi,reference_better
rc_djb,no_event,2463,0.014165338383832014,0.011503851691847363,0.01746570553871279,True
rc_djb,concat,2463,0.0042722430955561205,0.00229991014943481,0.006122355615499801,True
rc_djb,cebt,2463,0.010573980631339193,0.008251747901700742,0.013105929431688052,True
rc_djb,dot,2463,0.0041797836066796434,0.0018021488390006684,0.006382659102755464,True
rc_djb,ejssm_bge,2463,-0.0007629430148537106,-0.001632720384552018,5.436109903554081e-05,False
rc_djb,djb,2463,-0.0014954115511636792,-0.0027853672936394213,-0.00035500966110255306,False
