reference_model,baseline_model,paired_rows,baseline_minus_reference_mse,ci_lo,ci_hi,reference_better
ejssm_bge,no_event,2463,0.014928281398685725,0.012175581313884703,0.018136781057899242,True
ejssm_bge,text_only,2463,0.009630597493440987,0.007462286765639473,0.011868133268148109,True
ejssm_bge,concat,2463,0.005035186110409831,0.0033875983653581716,0.006716943604355585,True
ejssm_bge,cebt,2463,0.011336923646192903,0.008989960520379675,0.013948527979894532,True
ejssm_bge,dot,2463,0.004942726621533354,0.002956988682912735,0.006954493592723079,True
ejssm_bge,ejssm_hash,2463,0.00043809916782715924,-0.0024755677407941735,0.003036665718259608,False
